pair,symbol0,symbol1,stable,gauge,internal_bribe,pairfees,pf_bal0_raw,pf_bal0_fmt,pf_bal1_raw,pf_bal1_fmt,ib_bal0_raw,ib_bal0_fmt,ib_bal1_raw,ib_bal1_fmt
"0x9bf1E3ee61cBe5C61E520c8BEFf45Ed4D8212a9A","VARA","USDC","false","0xA250a3b6a5e5E8b398092537951F8Bd80639ed5c","0xc401adf58F18AF7fD1bf88d5a29a203d3B3783B2","0xa6Fd0dbAc727D79949b7a69Cba5A948ef23C2c33","79293231583295581373588","79,293.23","573329586","573.3296","7740835333195892649423","7,740.84","602313978","602.3140"
"0x7d8100072ba0e4dA8Dc6bd258859a5dC1A452e05","WKAVA","VARA","false","0xCa0d15B4BB6ad730fE40592f9E25A2E052842c92","0x33c9bfF51895d1bbf729677D32e85253850F616c","0x08a98Be424eA024f5F966749eA51D0c45a1DF45d","45080104761294241864","45.0801","33871242899855155430102","33,871.24","241762862968970943278","241.7629","387504133839022540999779","387,504.13"
"0x5C27a0D0e6d045b5113D728081268642060f7499","WKAVA","USDC","false","0x50CD5B513999b81dC3f4b70595629F7Cb92FCd32","0x3e51ebaa81088e67956d2586dDBc32901499E46C","0xA0A9d089a08D26925E7396242625626f782C2975","721905516058989957687","721.9055","3603753125","3,603.75","1274573307514537738225","1,274.57","2759484463","2,759.48"
"0x9aCAd463537d5b4fb1d7637bB558E79D0441B96f","DAI","USDC","true","0xe45086F996e4473E0973392c1FE97B52575466CF","0xa238D550925f420ED67Fc061a9406696d62ef23D","0x0dCBe2ac1FE2876566dc87d78F69C6e7f9d434aF","37952145946101517832","37.9521","11940393","11.9404","23567915649711332770","23.5679","20562080","20.5621"
"0xe1075dE313585808593ea7291CccE96607D589F6","TAROT","USX","false","0xe9e3F3ec2537E72C432F39a8Bb79a946E0605693","0xc5daDc9c2aeA07c2d1dB48155Eb3d6E4fc8010d6","0x62D7bD1Ddd4e734D2b5E197d7B57ae1bF01AfA7A","529149394820706386","0.529149","19448259467431597","0.019448","4895381884366898521","4.8954","348805807762689512","0.348806"
"0xcc35FD8B11e66aB413dc520c920F396c2c1096Eb","USX","USDC","true","0x19f7D523f77E08B94828674eFEe8c6B4F62dd176","0xAC3C95eB08CA921ec2A404B1240f6FC4Df1388F5","0x4B01C1f78B88aD531D9E46B11dA82bF356580014","9935110103462545856","9.9351","35608985","35.6090","11093666633113591062","11.0937","13458428","13.4584"
"0x4fe370e1b29Eda686Bfc63BCBEbfA16BE871056B","TIDE","WKAVA","false","0x0000000000000000000000000000000000000000","0x0000000000000000000000000000000000000000","0x6fDa7a945F47a50bCCb1E9f33E0B5e89962Bc894","11221013823689584022","11.2210","92268443454132053","0.092268","0","0","0","0"
"0x4c427e9C32c50311F11972Bf9Db0E45204660aFA","DAI","VARA","false","0x9BaC0D50B263179A047b00d82A1ae009dd04c2e4","0xf47f9cF8192b1B30A3dc607b56e5aDEbDCEe350D","0x90d406ff9baE5CBDf76B94e33f139E8a1aeAa946","255284839182601458336","255.2848","601433660445833003813","601.4337","4253928137875003062","4.2539","46900420703680730810","46.9004"
"0xbeBf0a910B92E743336d581C65cb938D8B9628Cd","SWKAVA","USDC","false","0xe6DE361A58C44e1457067Fd80A19Bc8D2b62434F","0x27c900552CddAA9C1371Def2f24e66c9c6e7B8FB","0x932C7f632F604FB5cAe41Ea66D1Cedd77A6fd967","5390102727739285636","5.3901","37715063","37.7151","71671022808423109721","71.6710","110147119","110.1471"
"0xAEB77224CA99873F0D88acc6F2594bf985dA5A71","ACS","USDC","false","0x395B15a15d027450123D9690b23179fEF77d1D37","0x55e163682fE9FDe85ABc48B9E940d90495Ed8Be2","0x7457297F754E87bC5a76c1ED4115ffeD05D3Ca44","1736026858993160778","1.7360","22706214","22.7062","12521478577110517927","12.5215","29166465","29.1665"
"0x5a574F12299A5C1a70a0E1dD2fD2E0d2417211a6","SWKAVA","WKAVA","true","0x3e720ec89aE09D5e58358b9787a4284aDdcF1c4B","0x68B03aDCE12B85D7467bdAF13B7AC599EE71dB23","0xA8A9C437b599fdC7e634E62834ac23Ba906688f6","1186409978263458382","1.1864","742002953320863729","0.742003","18287846424965287603","18.2878","20117487684467843148","20.1175"
"0xAe42F719c5162Fb0EF35C82108770EC6eEB55141","fBOMB","ETH","false","0xe6EE51c8AD615407776dF78B8a993312B4E35519","0xB20F21f548363ACccA4e605DC52eC89B7dFC36cb","0xFBB0Ed0810d07764B5867Bc29c0Dae5D11B41455","224193035208245345436","224.1930","74212512899539926","0.074213","2837767623470209030417","2,837.77","33932141760548631","0.033932"
"0x6e2388378Aa93062F9cFc35bBfd036aF05526cDf","fBOMB","VARA","false","0xBFaF0Ae0b908e8CF686A80aFf4A9ad58DED39c35","0xa6d35cE9218333c35684373D368E5134B8497A8e","0x4BF81Ee9124bEe18A6A430b28F04fDE40C5aDd75","105993710810782359281","105.9937","61007372604001571926732","61,007.37","4946076920598733617348","4,946.08","3772120284616561277722","3,772.12"
"0xf96b58442cCb7D1f0889efb5120B428e3DD56C6f","BIFI","WKAVA","false","0x1869f0d5AE7874344C34A343B0131802677Dc72C","0x37Ad5B34f9456d27c21f18703fB21FB855A02ec7","0x725BCd71d82BC6F83561f0C7cCfD4d376Bd2C50F","4298370887168053616","4.2984","358935959599586836618","358.9360","41657704156058435","0.041658","23038208243507002869","23.0382"
"0xD9eEF9881068141000B4257CCEB72faaba7186f6","WBTC","ETH","false","0x3f8185ccE4cB25f17f6BE2B4Ff653C45F0dD4FeD","0x583A9D78DA4733B7a1129278836515D79D5C20e1","0xe7cBc0Ea064E0585356343846F15C551445B874B","577229","0.005772","179090880464173683","0.179091","255191","0.002552","88389172520528433","0.088389"
"0x4B22d524F5301Fb7c042A81C87687Fd420B980e8","TAROT","USDC","false","0xbf257c745A8aDa0BD8F682812F5Fd95FA42bDf66","0x85871829275a5ba4c62158edfB9921b0926437A2","0xB2aba294C154e0c0F50A41B1c8923353974c0FA9","215138894889944183503","215.1389","137066074","137.0661","489471295375149178265","489.4713","179156423","179.1564"
"0xB65D7381686A7829dC238AbF785BB2dEE313fB20","MAI","USDC","true","0x89ede1B513502aA876f9EB660eDE9802F4462cFA","0xADB4c5598798349DD7a798c52fa3464C77342478","0xd38ccE89468a1CAD88C8cC56c43082ea2963e67A","65554470146386072495","65.5545","269232315","269.2323","72717519708509605723","72.7175","290827314","290.8273"
"0x766CA762fCC03F5070860857FF4054D258c74517","LQDR","USDC","false","0xaDD74b7F414123e6B56D154C2027FBd8afdc4634","0x7fe4C546FfAc8265D93a0CAD0aa8328A3fE3FE6A","0xF8ad6cf03Fff92F7cB3d17A1ed814592c4Faf818","17885398178973805502","17.8854","98557291","98.5573","122424521522450843311","122.4245","93092742","93.0927"
"0x510c1bFDAFB356ace6cC735be304E25C05d22C02","BIFI","USDC","false","0x89dc963F9409555C7E183cBA0F7D92aDd7D1B92B","0x39bD6Ee65079cFEa9f75da3C7abF2e23D46476a0","0xe024F5655a5c21AD26c5344801e9aBeFFB21395A","1379251441380316105","1.3793","330739212","330.7392","3629902263088044","0.003630","1448247","1.4482"
"0x0e1bc1939D977c676Cd38cFF4B7e411C32b6d3ce","MARE","USDC","false","0x46B9FCac1B698AE54b9c1D52A734338964e28AEE","0x481dBDB547E2F7BD83BD45ae6c4efc55675438EB","0xCE069a024C899358A454e7F6a8Aa713e5d48a68F","29814483815056931570233","29,814.48","1006656854","1,006.66","14097373368115013787430","14,097.37","1682813742","1,682.81"
"0xB593E0A2e93864fF5F75689dADE29f5F6DEc64EF","WKAVA","ETH","false","0x371D33963fb89ec9542A11cCF955B3A90391f99f","0x96D5f7734466232E0D534e0c7B1432165d9D77F0","0xBF13F1c8f2C29db13d6497eC05263D4d63ebB84C","23274500021287336908","23.2745","120087015938069882","0.120087","299438289438011761037","299.4383","362790606632551539","0.362791"
"0x304B111E0c9ccC8137D98807D15d56AAd84bce77","WBTC","WKAVA","false","0xa27a1f03479cfe4B0b97Fd8c772a84aD815C1946","0x7DFcc9193A3265aB505eCAEcd67226AC26e1fc9f","0xaEc0CA80856B46d3B02435C4F8089D010fc923F9","1972193","0.019722","32956248025705112770","32.9562","430447","0.004304","89267416178436446711","89.2674"
"0x003aECe78F137E84a0Fd3630Fab3F68aF4cD925F","USDT","VARA","false","0x1bE7c04884C322EA55FF722c2fB92932A8727EEa","0x2380d5478b3747e19439547A516E0c8ad6F5B96e","0xF02a1ddF16d5A6609Aa7010Bc5e82443398E507E","13451392","13.4514","165046479208569839404","165.0465","6991644","6.9916","53871299196248541510","53.8713"
"0x46B5512f92372C0374959c23B40754720bF3CD2f","MARE","VARA","false","0xb529Aa3E67b1dd5987a35aD57094a72c08df0f1C","0x898e36CeAb30E3957805d4FfAA970f823d2a3525","0xC08588f4DcD41bB0527967D30bAdA06E1377Ca3b","6245724810352825842","6.2457","85279701448599697646","85.2797","153257817394685699745","153.2578","354606682957811310884","354.6067"
"0x7638C334521c953fe05F91D7CB42E937036FA1Fd","WKAVA","KavaDoge","false","0x0000000000000000000000000000000000000000","0x0000000000000000000000000000000000000000","0x16A8648dBDa8d2FEA4D06210e7F562EA803Fb12f","1149396458949516332","1.1494","192032543127126122964076438","192.03M","0","0","0","0"
"0x7d582b3392819C0F7d544901fc06540eF9822D8E","TIDE","USDC","false","0x0000000000000000000000000000000000000000","0x0000000000000000000000000000000000000000","0xeECd362619aD3458862F6e7ccEf5f163bd183394","3714430088477348","0.003714","3574","0.003574","0","0","0","0"
"0x5C7afEF4efE95870c19b5d094e6876515Db23EB3","TEST","WKAVA","false","0x0000000000000000000000000000000000000000","0x0000000000000000000000000000000000000000","0x15E4b3CF70BCb7FCa3FBace7C55310EEC658eFc0","0","0","0","0","0","0","0","0"
"0x07Dc2257f44079572d2A711E003E2852371D2959","KSHIB","WKAVA","false","0x0000000000000000000000000000000000000000","0x0000000000000000000000000000000000000000","0x56Fc434478B87161354EbDc5a69815315990c414","2136398225611683623542","2,136.4","83730176886881074616","83.7302","0","0","0","0"
"0xf9b76849f4A5ff23AD08b5BA17c7228c233F1478","KAVABOSU","WKAVA","false","0x0000000000000000000000000000000000000000","0x0000000000000000000000000000000000000000","0x9E09Bb7bFad888Db852C0cF1475b0C65C556c5a2","0","0","0","0","0","0","0","0"
"0x8346199CD0Cc0cFED3Fe986B1Eb4656a9e30e61b","MAI","VARA","false","0x95B86E1D246667d1C35EE40E6e289166f21785be","0x95385f4Fe54AacDe47f2cF277B36518f2281B16d","0x2E719abE5f880241C2301ce649734F40e5aAe6ba","1210322168706373744","1.2103","2351415701277802236760","2,351.42","47044088955957446926","47.0441","7010642177586208759901","7,010.64"
"0x1344Ee9c2BD67Fd24Ba0769EDAEc72ee64D4c393","testing","WKAVA","false","0x0000000000000000000000000000000000000000","0x0000000000000000000000000000000000000000","0x213323C81eA0471e600beCb38eC5f2762Df472Ae","29880209","0.298802","60000000000000","6.00e-5","0","0","0","0"
"0xb2AB950B38f1668426fD0201d6A3419c2Dc54DBC","KAWAII","WKAVA","false","0x0000000000000000000000000000000000000000","0x0000000000000000000000000000000000000000","0xffF4e8b570Af79703718725c5f48f016b3fbF46E","46228200000","462.2820","3811374166902757457","3.8114","0","0","0","0"
"0xF991Be2D00097EF45F4109b81d834cf180287c3F","KFloki","WKAVA","false","0x0000000000000000000000000000000000000000","0x0000000000000000000000000000000000000000","0xbE748a53BDd177cf38AA3abfF97885936fB2E7ca","0","0","0","0","0","0","0","0"
"0x8964EF9b466d0059e6c126E3F0A10663F11868dd","VARA","ETH","false","0x991782B9263876e99368328440B421E3534BF9f8","0x0f788a3677F125Ef046A3E68c07Cff67bCFA0B17","0xC0c8EdF8b65ee3Cb346Aaf4F7FCEad75f6A3CE01","659974913215948761641","659.9749","10842085913710419","0.010842","104215894216851840656","104.2159","5186307311234495","0.005186"
"0x23D92D7AA585A1D7A7a00B0ec35377e139c6DD49","KONK","WKAVA","false","0x0000000000000000000000000000000000000000","0x0000000000000000000000000000000000000000","0xDADD1f18df3688A9257494A89832Ed4B8b512213","1004545637382918842","1004.55M","5500000000000000","0.005500","0","0","0","0"
"0xAe0c5b755a74369637f12267e820426336A596eB","WKAVA","KTOMB","false","0x0000000000000000000000000000000000000000","0x0000000000000000000000000000000000000000","0x7d1a45475cade21b153B3b8820E34480eb5ec175","138000000000000000","0.138000","192804429962549931691","192.8044","0","0","0","0"
"0x1A84c6A6F504B78bBaB91f72642899779fC50763","KAVALIER","WKAVA","false","0x0000000000000000000000000000000000000000","0x0000000000000000000000000000000000000000","0x6Db5Dd99965fBaaA692a337E7AFBe0aE33658011","24269255829","24.2693","3903000000000000","0.003903","0","0","0","0"
"0x2647B59C30A9Bf19D8AeEDD9555E005675E127a0","WBTC","VARA","false","0xD9e2c0b2538b088360bEfb3FdAd5892b210B29aC","0x1342EF6D5bB97c6f86be9f4d98B0aE510b62C27d","0xe553dF7cDD6Eb2FD3F504c4fD325b387E9d57364","52034","0.000520","896022872665918792814","896.0229","0","0","113246551919069213124","113.2466"
"0x7ACe223820a84C5FCeb9Cb76A6a5aEcE98582983","WKAVA","USX","false","0xD8fd64DD6166D998966Ebc1Ad830481AC9858083","0x2D770b84a99c9AC41E5e1A46b899a334A5F72Cb7","0xae922Aa564644D57012323b550f2F4aac09424DC","94695725554319007386","94.6957","63039299974279738649","63.0393","4455502414519249357","4.4555","2762117788674166489","2.7621"
"0xC19E44de5617a2535443AE6f8bFdf8f9346a038A","USX","VARA","false","0xd0B747F0B6aA4DDB406b5505bCe64A21f9385bbE","0x5AA613822F7D6Bb67089c2829c8c61a9fB7286f0","0x6620d83225259435923A97A5E5aF380c4894369F","10774282098368542853","10.7743","34194202475558805770586","34,194.2","248006530130626627","0.248007","10913287943794442202","10.9133"
"0x04e063939aF6Fe404C19F0aad4A8e40186e6bDeC","LQDR","MAI","false","0x0AbF4Efe42d762292F5F7E9A8Aa617e8585D66B0","0x19B1E9D0E2bB01C5Aa20143cA43C01c99Fa2a98F","0x30B48766c9ffAcC7b20AAEe3d9Fd76cF0F505117","11384561168608720418","11.3846","29524218217722708617","29.5242","160064770690394047153","160.0648","153654698669190919457","153.6547"
"0x093Cb7692B4e819FC0C426e02a6956293Ec1B376","ACS","VARA","false","0x0000000000000000000000000000000000000000","0x0000000000000000000000000000000000000000","0x219EC6dB7eb99962f7e62153a49bBd13276B675D","8380027067821","8.38e-6","225938981228548","0.000226","0","0","0","0"
"0xab063d1cdE479fa5F325C2D86311Dc57B5f3aEAB","FUN","USDC","false","0x0000000000000000000000000000000000000000","0x0000000000000000000000000000000000000000","0x24cE07eE01fe297756E3068b3CFCC15cd9209D89","30000000000000","3.00e-5","30","3.00e-5","0","0","0","0"
"0x530B9201E1Dbc11b596367428e5D344EbB636630","BNB","VARA","false","0x358475CEaC9Ad8fAb2a812D20Dd56990c481858E","0xAFce5AbF846d477549590392d9C82F129872927a","0x4478E3aFB64B85d0A67A72e456A3381F94018802","3326131039836172","0.003326","380821553831803240634","380.8216","16297181509634551","0.016297","63878885445773972026","63.8789"
"0x73d11C90f261E92C20920a4dE1064D89119BE0F3","EMO","USDC","false","0x0000000000000000000000000000000000000000","0x0000000000000000000000000000000000000000","0x92cB25f0fE2eD6fA8b64002Bd56C59BF1b4e7835","32282738000000000000","32.2827","16800000","16.8000","0","0","0","0"
"0x7a08708E06A118F2B22C9000A990155bdEdC31d1","axlUSDC","USDC","true","0xc28Fcef5970fD23E5BFCDC31cE1Ba72ef98Cc70a","0x15895c2666E969B602D3261445Ee2B9f574075D9","0x628de49fe709f08c8eAE90d79b935055f098dd9e","426838975","426.8390","692112521","692.1125","1128160862","1,128.16","1664091536","1,664.09"
"0x7A59Afa03671060D12c04a0FFF2f7A50b9466F21","KMOON","USDC","false","0x0000000000000000000000000000000000000000","0x0000000000000000000000000000000000000000","0x78A9Ab802F6E9313bE3eC45887ace3F8aa09e3af","100004000000000000000","100.0040","957794","0.957794","0","0","0","0"
"0x3E567d5041851Ce82ffe379d8eE43509e4909Fac","DVT","USDC","false","0x0000000000000000000000000000000000000000","0x0000000000000000000000000000000000000000","0x3E8189AC03E31192Fb894Ed2A4BC10dF0ec423D6","6387235647654672440","6.3872","3762672","3.7627","0","0","0","0"
"0x9e8b2CbdF7cab073F9a7521FC4E69001441e325b","allons","USDC","false","0x0000000000000000000000000000000000000000","0x0000000000000000000000000000000000000000","0x60Fef5EEb46aA4cDBD4BAe5a4d64b776F0122791","0","0","4000","0.004000","0","0","0","0"
"0x90442f0E609037673019a000f284a5b21b49b0D7","YFX","USDC","false","0xc45591Bc5Bae2f19271bDAe7301eaF599E775571","0xA344b3ACAcb58c46771D18734C250ae4c856021a","0x7b16Ea9f66CC8f1b08fDAC9ed2BE714AE0f5f1E0","275558416364952226","0.275558","2953003","2.9530","8487451960511426542","8.4875","23638612","23.6386"
"0xB5B05996a407e290BbF9807dB5eb52a45bcAa36d","xSHRAP","ETH","false","0xa075C72aDdfaBb789A7325D00259DA13d25EAfA2","0x3F74683276Ad71E007137E8A7d3719510c176F9b","0xfA26b3Abb270dB5687b6777B69039935da9C05Ee","383","3.83e-16","221","2.21e-16","25096870312154811","0.025097","5368775576983563","0.005369"
"0xF5c8931D63e2B4bf57d06a35c9d72bC576d3a910","SLM","USDC","false","0xdDC2559a6aAda1502Bd9484dFa928DE23C595021","0x25940fAcfF54C7bDeCb3482dde150370F0F03755","0xE7609f20e8553A6759CcfcA676AaaFe5da8B3Cb7","85800222346611853195190","85,800.22","433873","0.433873","17450949349171333349373","17,450.95","3171830","3.1718"
"0x735EE52B88f1c4110Df36B62C335534544143a04","MCS","USDC","false","0x0000000000000000000000000000000000000000","0x0000000000000000000000000000000000000000","0xDD02Bd7aF4A87C8027045a761880f0A081BbCBC6","0","0","0","0","0","0","0","0"
"0x34e253763D14e9bd886Bc2B00566FB1F3cbeB83f","VARA","axlUSDC","false","0x6b67a5Bdf835a1c75cE42441f1A59Cc41526f68D","0xBf6b952f158943f75b1f66a3c275AFA55fBF6FAf","0xf8A9a32eae40cBb2d0445F82338D8A3D95555DfC","5956581682561103695702","5,956.58","54929","0.054929","833266837341900840500","833.2668","240435","0.240435"
"0x5d65fa1eB5eeb5da4a384F08B8739036E8aF0304","WKAVA","MARE","false","0xBdCd19CD1D54b87afB2Ef3cA6570045eAF2e4A10","0x9D66bBDAd1e90Ebc0B51e261a8b30e497f201D5d","0xe52E9dBc46E625e01aC0bf09d5795Bb0d9e50ed0","9295056901869792053","9.2951","37721010512537626914703","37,721.01","1097923629705043001375","1,097.92","142785074386894488959185","142,785.07"
"0x03A6f0506012eAD969f114dA959dD522367C8F13","axlATOM","ETH","false","0x1DDd88aB59bf97183f3a0bF2bA3f6b84A79ccd03","0xAec124Ec4FE8B56214d2Eac0D16ADA33F9fa5B44","0x52423882973dB9B54b92EB6090268A274EC9a03D","132991","0.132991","1460776109863589","0.001461","1556470","1.5565","19529261324882734","0.019529"
"0x4d29349b856abbf18137C9Df6480Bace20A80564","KAVOGE","WKAVA","false","0x0000000000000000000000000000000000000000","0x0000000000000000000000000000000000000000","0x1915aDCAa34344ACA8bF45f2394D7Bb957110BA6","12734085441103747917962958","12.73M","20104738680509549446","20.1047","0","0","0","0"
"0xcD864250632175638139E0943031211E301786Cd","LARZ","WKAVA","false","0x0000000000000000000000000000000000000000","0x0000000000000000000000000000000000000000","0x302e33B5798899A4B40237C276e3b0E44Be7f51f","0","0","0","0","0","0","0","0"
"0xE6c4B59C291562Fa7D9FF5b39C38e2a28294ec49","TW1","TW2","false","0x0000000000000000000000000000000000000000","0x0000000000000000000000000000000000000000","0x2Bd9adeb634AB5700d5fB740e5f8da0E9Df90948","0","0","0","0","0","0","0","0"
"0x24feE811932E6aEF07EB464B23c7CFa43945Ad6b","ETH","GMD","false","0x12A8A92C3877cE09e7Dcec58dF51CB41b3cD2Ae8","0x6Ef48439C4839eb9F7196cd2162B22a1147e20DB","0xF455d366f140657557f8eAFAeE8954a04cF54d59","6449365885594534","0.006449","153544872652714905","0.153545","27657300482068425","0.027657","594107417855685790","0.594107"
"0x68c6FfBCeCf0cb00a7Fa9449AB44150CD22A692a","ETH","USDC","false","0x6Fc454eAfAf5Bf7dd97271406eA8A5773921571b","0x48F941670D839963C523762Ae002eb1aC21497D5","0xdc67401eB8Ce912604137157406499B806A75932","1015778721172973985","1.0158","557220867","557.2209","243852885074732354","0.243853","340608415","340.6084"
"0xa034BF4c9092BE31285C4CD7C5247B90c9F4FAaF","BNB","USDC","false","0x509C5980dCCc4811a4948Da39B2317F459AF83A7","0xFe80c43B5e3A3B628757D09eCB16702f29762da6","0xB219d0B8aA1990BbC16fE51a6172f2BC30c8d0B7","5349813280426079","0.005350","4597619","4.5976","48040896871402435","0.048041","16411532","16.4115"
"0x7aA8760B4cbf00fa02aA6d0d33a75c41116DECc6","Test","WKAVA","false","0x0000000000000000000000000000000000000000","0x0000000000000000000000000000000000000000","0x4EEe9ACF90518A161d36B3158C2c21F618d14803","0","0","4228000000000000","0.004228","0","0","0","0"
"0xA7fe5A9cCc24783D152e0ab48E69745EFC0536Ae","Test","WKAVA","false","0x0000000000000000000000000000000000000000","0x0000000000000000000000000000000000000000","0x29A4a5A77B04c197Dde9A84D264883138dAE0f6C","0","0","0","0","0","0","0","0"
"0xdF36Fa217A7098cC6fB0404F18442998eCC72e36","KONK","WKAVA","false","0x0000000000000000000000000000000000000000","0x0000000000000000000000000000000000000000","0x76eF1f5791fCD0946FD25939d030564813920a2B","0","0","0","0","0","0","0","0"
"0x41fDEc80D75592f636227bd128b1fCC937fF9180","Test","WKAVA","false","0x0000000000000000000000000000000000000000","0x0000000000000000000000000000000000000000","0xC188f0b717C096E4002cE822805A1FAC7FD87dE7","0","0","400000000000000","0.000400","0","0","0","0"
"0x7825ae540b1D47c1c8Aa2dcbD459150c28E92f86","test2","WKAVA","false","0x0000000000000000000000000000000000000000","0x0000000000000000000000000000000000000000","0xc462a90D71C053858Ff3833c99f86CF9D85755b1","0","0","40000000000000","4.00e-5","0","0","0","0"
"0x2801793c9647f6B58cdE5C2119615fd8D417D694","test contract","WKAVA","false","0x0000000000000000000000000000000000000000","0x0000000000000000000000000000000000000000","0x0fa9516be95F982528653Acf77d69b5B66764B74","0","0","0","0","0","0","0","0"
"0xba5dD1b6eF66543B8Fa6708996842E998D15644b","test contract","WKAVA","false","0x0000000000000000000000000000000000000000","0x0000000000000000000000000000000000000000","0xD019e10ee4eBd6178525FA9CBC6F50416646BCf8","0","0","0","0","0","0","0","0"
"0xB675f5C37bAf378ebf3b3B6341Abf21EE0dd3e27","test contract","WKAVA","false","0x0000000000000000000000000000000000000000","0x0000000000000000000000000000000000000000","0x5Cc15879ee62dEF663541C18ebBFc33B6e17f49B","37879713940133323214","37879.71M","4080000000000000","0.004080","0","0","0","0"
"0xe54c9655fa97389d2Ee8dcA1a4FC56138e7A4874","Konk","WKAVA","false","0x74AE6bB3138DB1969c52f39e2c311d997528633B","0xAF668c4D6fd27cE2a5421d481035d32D612C7114","0xd5f047008f992327795aF6c4560335136A6aBCDC","606529085246809067797","606529.09M","37755916267185520024","37.7559","42692761898793780197","42692.76M","288491530023952437","0.288492"
"0xaF9aE147CA628E9Da718F63DA3e6E248B8606B7b","spVARA","VARA","true","0x9d00A9AbCAdEa62C11CEf0aAAD1252291B577B37","0x923d7bC85FD2Fbf025499B594d3BaA94021fF3Ff","0x193904aC672c172D32679bBb8E400DfFaC684632","53700131432013875324","53.7001","11794538024555632298","11.7945","449760570011765449302","449.7606","550345666748025365432","550.3457"
"0x6e20aaC7E67cc9355EDE8bA6417Dc8FC61D47823","YFX","fBOMB","false","0x2854b087B08890a65a4d90b2e6Cc94b1822Ae14A","0x9f28daFDA93E156Da702c2714017C4953dB7d08b","0xC60a2FDeb53d5036E3DBbB63E03F0f00e1B554a4","24936251249507822989","24.9363","998317031585881564020","998.3170","102328327454560993","0.102328","58423760957418473265","58.4238"
"0x35F5b6955fE6fA7Ac57242eba2518C2B7dDa4662","BLUES","VARA","false","0x0000000000000000000000000000000000000000","0x0000000000000000000000000000000000000000","0x64b14754b3bBbbf0fd7c9D025CbC7d59c48F6564","0","0","0","0","0","0","0","0"
"0x1e221EA8D1440c3549942821412c03f101f5E99a","TORE","WKAVA","false","0xb1560059cb1ff4726f7eE5aA70194f859Ef93e6f","0x8540a29798F6A945425fCF6DE905303dEBc99Ef5","0xDe500F612c43d2f43e540eD2686c8f015d2EF94c","1392314574946790864874","1,392.31","116005981053004414507","116.0060","4680073818779209416275","4,680.07","8640813713254501784","8.6408"
"0xce3433BAF2356E8404CA7DcC39Eb61FeDa73E2C8","TORE","VARA","false","0x7281E79e05dAf1275e9e888a2c41E80e3A292f6B","0x028B7eDc92C475aF7E690441561c54848eCE639a","0x1897b9132070bf663cF6a35e37Db92b9EB3A2e59","1071920708812642658896","1,071.92","90370754325157440117","90.3708","46665559180869239293","46.6656","1103535144281976300","1.1035"
"0x2c47924Ff247a622ba7d9D8A9cD25F4Eb1aecCF8","CHAM","ETH","false","0x372a391b8b006f1e828316c9743de3E309d3F307","0x7a4ef3dED39143c7156B88A70B559e66F48558F4","0xc702cd8DAA1202A3a69FBb6e09F932d6C0f9C625","13383888395480137603","13.3839","755910856129505","0.000756","10417850099644454532","10.4179","3365846741785918","0.003366"
"0x09d6561B3795Ae237e42F7Adf3dc83742E10A2E8","LION","USDC","false","0xe2C935041aEF672974A31d46c41A4F292982e621","0x01658650Bc0D1C3Ee6aacB83Ed64D744E5ebf3Ed","0x64Ed86E9f6c041C71c8703bC870877e440804f55","935645936348941944347","935.6459","547375282","547.3753","1696870602587003882558","1,696.87","136803992","136.8040"
"0x7F8ed7d31795dc6F5FC5F6685b11419674361501","TIGER","USDC","false","0x69cEf0795FFFa66DfC4Ffc90E8Bd05c399388650","0x4b17Db13e2Fc1b1439847516e5c69eA951c83f25","0x07b06a57f117B0fa6631De2Ad40E21D999812420","443308320839543105","0.443308","128872576","128.8726","639114249348326951","0.639114","46144356","46.1444"
"0xeA848151ACB1508988e56Ee7689F004df2B15ced","BEAR","WBTC","false","0x075CA53543D304c02Ee692C0b691770AEB273dA4","0x5b1C1331fA215b724a13D84953E2fa6fafc37838","0x6e531C085910ABC2F990d9f4282D796Bde94375f","157437446417328247","0.157437","266627","0.002666","317299167307443730","0.317299","0","0"
"0xb259151f1bD1Ee735B1EB28789D24B5Df7D0f16f","SWKAVA","VARA","false","0x0f6a7bA0A1a5D333aE8dbB73ceE7025AF75f83E9","0x1d72961fBd4308204e021F0205Ab106318a9D544","0x34E95E0a55651C39e9A7A8619ff849EcB90e920B","72756506549426679","0.072757","515493219996867060407","515.4932","8592784254550931980","8.5928","736277502777776491427","736.2775"
"0x2968ED7a2a15fbc52F3C9be338f2003D92d40ded","acsVARA","VARA","true","0x8D99Aff56Ca5DA37BeBA5BEEe3087607C6473082","0x05504DBa3d3AC41A8be75dC930a210a4775d55CC","0x055A497e79260d6Cc3EF643770d308c5F519E6D9","59416205485253796838","59.4162","66261948744278780637","66.2619","19316078066475437511","19.3161","8828085856168797857","8.8281"
"0x09099F8884A39bB1DD10aBe07FCcFF5aCaB82310","WKAVA","cpVARA","false","0xF41E491fBFbA85011E6F664494E09BF322e1630c","0x449Ee8d242F34719abA59165A1E463E04Db2F022","0x66EC572d67F0A9B1b56e15ED71313014846184ff","64654568400790648","0.064655","205043038874717857181","205.0430","1543734912703301072","1.5437","517329050507025558720","517.3291"
"0xb0363B219Dd00E1683718E57E4509fD31DE01f07","WKAVA","KBETV1","false","0x0000000000000000000000000000000000000000","0x0000000000000000000000000000000000000000","0x1434F53D19B373fA35a859Ae21651B1d2497Aa32","0","0","0","0","0","0","0","0"
"0x1Cbd22925077b7F1046aB083B791741187994775","KBET","WKAVA","false","0x0000000000000000000000000000000000000000","0x0000000000000000000000000000000000000000","0x8607Db8B87f2335a4A96CedA27D808AF508d166B","0","0","0","0","0","0","0","0"
"0x5CbF856B03738936B1Dc624a26D0a2ABAdd4056d","KBET","WKAVA","false","0x0000000000000000000000000000000000000000","0x0000000000000000000000000000000000000000","0x10c86fB2753686d0170Ef804EfABFdFA01b9e8c8","3448286572297916620530","3,448.29","46000000000000","4.60e-5","0","0","0","0"
"0x1ae83a1b9Ee963213d1e3Ff337F92930582d304f","TORE","WKAVA","false","0xc5315AFF6bC0918cb9d6cc0DD43980BcA011b122","0x5df44F0FD56A0aABeCA7356FB232Ac458A47312a","0x5bdc79CFBEe5BCF86EB796CE1dB361B65Eec9271","8774271884825286563668","8,774.27","141809719630327094683","141.8097","611257058874287179843","611.2571","4975504235959843785","4.9755"
"0x5Afa33e17D8fD2257DC4CE5Fb5A791991C1e42EC","ANN","WKAVA","false","0x0000000000000000000000000000000000000000","0x0000000000000000000000000000000000000000","0xf9e4330c97470a1159FD39068CCf2dEd91986087","4000034707619542825","4.0000","68091638052305","6.81e-5","0","0","0","0"
"0x0AbbE84C565C46cedd0caAc384a57EF35F951130","QI","USDC","false","0x65A563Fe00Ac03861aAe0491C28EbF62B1EEc41f","0x7EbB687E558deCa80616D0e89BE0545A7a37eE9a","0x8f35206e5bE8f8198BEd82f24Ba06689e8767e87","31937129777242626292","31.9371","1909786","1.9098","9765418454496215433","9.7654","859046","0.859046"
"0xEae79D96Ee8DFDC028b65c7A572AFD53F742aC0C","PTEST","WKAVA","false","0x0000000000000000000000000000000000000000","0x0000000000000000000000000000000000000000","0x7C8F75797A0f337d94880b93bE5967D6b7Cf5C3F","5773423958164280169336","5,773.42","733318410077398","0.000733","0","0","0","0"
"0x64e7136a5a99a8564066Fce0B559886061fa3652","GBYTE","USDC","false","0x0000000000000000000000000000000000000000","0x0000000000000000000000000000000000000000","0x1d021FF508571f1d4C55E7a409961bD2ae56DC61","36400203945528242","0.036400","5821255","5.8213","0","0","0","0"
"0x7098c06cd97079742278F637D3EFE4Ce39e19A86","LION","DEXI","false","0x8EEA85dA61b397EaB933C001DAAD6fC1C5A4c67C","0xc5cb7eEE1BC802B620F72914ef7aFf3A448ef1EF","0x9BF7b5AF0A838cdAcfcB3AE1eCE7C5d4EBDDB3D7","167129762889785965825","167.1298","1801100202776","1,801.1","1143650785550271095916","1,143.65","1200276947421","1,200.28"
"0x6cC4CA8Ca1240B231B7c70C39cf5f81d399C3340","PEPE","WKAVA","false","0x0000000000000000000000000000000000000000","0x0000000000000000000000000000000000000000","0x68201FcCEAa86B4737416719816e6B76345dae92","178368160170275491929771","178,368.16","12900699470803688363","12.9007","0","0","0","0"
"0xFe9B2a72572256F1936Ce5aB50fc9D913491e210","CHU","VARA","false","0x0000000000000000000000000000000000000000","0x0000000000000000000000000000000000000000","0x0b6482Cac7ec097D607986A359e4A8a697fB51AA","0","0","0","0","0","0","0","0"
"0x57118B1BF22F7786443aF1EBF0bFa07D5c4F6F23","MAI","MARE","false","0x59402B6AE3301BA25d36b71C6bA9DA9A6fC7B0E2","0xa6bC4223551716319c26083461005d3F92737Fc2","0x7CCbC65CbC29D87608c5872c84737580DB2200cc","34951896476525485","0.034952","19301428627353762526","19.3014","303539441549089687","0.303539","15419680593550303324","15.4197"
"0x99DF3A0B7965ec417DeC7b865992EF4D0BA0A222","SWKAVA","USX","false","0xe74693053d604E40F198dd67E2e3a4488099CE12","0xaBa955c2071dD1a1E86234E36624cD6Bc1B7B26D","0x1b1A60B77be54445B6e9928b1C98272693749F4A","776068484118899915","0.776068","524518636334881846","0.524519","1263439813053463","0.001263","280043183221863","0.000280"
"0xbb4582d222162105bc793A95F164Fa124032e6C0","LION","KTUSDC","false","0x0000000000000000000000000000000000000000","0x0000000000000000000000000000000000000000","0x32D024A7812Cc5c4f610C9BD9619FFa8072680A4","2664157971669312705","2.6642","574140","0.574140","0","0","0","0"
"0x322b794f4404a984f96b74D5FC0a7D40366141aE","WKAVA","DEUS","false","0x7402700074cF4266C7b40C490209f8F8Ed9E985f","0xD6F42802CFEa4d714Dec853A8ca5b0c950ee0A38","0x07C7F9D6ce252Edb7f0d55Cd03e5F1909274B389","201867175743118567","0.201867","5161432423047787","0.005161","42651575862665466457","42.6516","1202430228570319034","1.2024"
"0x1c40FaA0b713364e30f259e64b0b97c5a7049350","SWKAVA","ETH","false","0x588777692691c7B13109Aac94653DFD9B7fC3B7A","0xC7090f051C4DA90703C7f54FbCfBa5a607c800B7","0x1E18c3247AeB59dddFc13724Ff5a336461A0e8A7","33887306836201306","0.033887","63315812817184","6.33e-5","4072389821530804311","4.0724","3076244734528027","0.003076"
"0xF6EF335aDDC7aE04b69C5C45B08bEeB6a654dF4d","MAI","USDC","false","0x0000000000000000000000000000000000000000","0x0000000000000000000000000000000000000000","0xCCc1099ba4b9FdA4F514e6De9485e660C84B6078","0","0","0","0","0","0","0","0"
"0xe1Fbf4e646326f7C6925DbE8957fe03020dB02E7","USX","axlUSDC","true","0xFD8e031f819ac4Be812a67Fae1c654101De294E8","0x62DEaB318Edb6B703eAD2Ee7D1f2Ca966A3FC06C","0x218b3b778f4f6Cf8e7dD1e47f34EC68Ecc0E7460","2507722332281303201","2.5077","2458720","2.4587","372615377307389386","0.372615","0","0"
"0x61E19a84108BA3A72cC1A315278D67900C3f0Afa","LQDR","WKAVA","false","0x260e63DDf0a5E03d57f8dD0a4f21195cDb1C24E5","0x9dCda4B10E581BB583802dc6499F3dF273C92E11","0x1ef23c5A6FE38d9179b1eDd2D8fD26FF6DB409b4","9717267424150099555","9.7173","7928870187516599191","7.9289","49938657807654448837","49.9387","26617749120762536711","26.6177"
"0x4c9bc1346B7D24b44f2aC4F660Cb4D0a29560141","KPepe","WKAVA","false","0x0000000000000000000000000000000000000000","0x0000000000000000000000000000000000000000","0xD9008252e1639D6AF6baB8E679eBE2e6E2dA8D09","0","0","0","0","0","0","0","0"
"0xF6682d7C288c60cAB36Aa076b3806537170C4b92","PEPE","WKAVA","false","0x0000000000000000000000000000000000000000","0x0000000000000000000000000000000000000000","0x750fBda203A30C7466E4Efad0a104A6312D22647","0","0","0","0","0","0","0","0"
"0x9f6706e0fFB8228D44de3051A40196CAA6A7B9e7","YFX","axlUSDC","false","0xd4890674729cb2D8AE6023BBB9FcB9AB8b6f99E4","0xC7DEEFB7b464aF686C25961021566194e9b1d97E","0x96A2253B7dBC04a37b06E9fE3ce52be6E84306e0","11451611205192802996","11.4516","6963207","6.9632","2884384994722746334","2.8844","0","0"
"0xFc8A7260945a3A07433d2C4EfacfcAD54BA35F36","axlUSDT","axlUSDC","true","0xf6622d4d4F6aAe6F516f2fB00bA421734a48A5f9","0xb5bF284E9f56b3AE40047Ddc76d5a4092F5f0150","0x12F6C7F09eb2f239D9dA558378faecC7220A275A","1641007","1.6410","3889274","3.8893","30634558","30.6346","50305965","50.3060"
"0x93932676cDC21F61fCd476CaaB3Ec3b3F3f347D7","axlETH","WKAVA","false","0xB19E477b959751aFd4A1C6880525e0390560681e","0xb2f6D9702ec9656A556E66Bcdf976990E50dF5Ae","0x1AC0e84b9508C5d0aC5812684A2A4D34f17eC311","6905315109194651","0.006905","59370762391224386833","59.3708","11699040006742209","0.011699","48367091750288287642","48.3671"
"0x48e345bf70E6bb30A4FC7cDC94A185D5c931EFD4","axlWBTC","WKAVA","false","0x0f0ef07ffa25C542204ba7e1933d480b6E8E9833","0x60dE63de82D04A31Ad6b8FfA7A37768853EdA868","0x76BA2DC7cBD428B73adA109080b42E2EBb1f6899","10542","0.000105","37562442004511619561","37.5624","28009","0.000280","35994374727275231088","35.9944"
"0x35067270e3cde15A3881ea0Ce6c93D8E3FE688f4","WKAVA","axlUSDC","false","0xf612685c8487f8E482500A477C97Bd970B55ddEf","0x03EFeD462ecB99A204D4023AA928eb1389CCfA1d","0x297f781D31692Da0A67a634746a7861c2289a112","16795998830828402845","16.7960","1915635","1.9156","306830619384090430518","306.8306","152186258","152.1863"
"0xD271cF9E590121C0dc3bEC562178A281E75B617d","WKAVA","PINKAV","false","0x0a0DEB014C18431995B5B761ea4D881186784017","0xfEC637f5bDAEF4D7cBBD8bbaf89F767807873A6d","0x98Cb4E75ef6DFC87e531FB59D481211473291677","1560590522333502555","1.5606","25542193272137582289302","25,542.19","79850948175104036079","79.8509","57867668792613530733634","57,867.67"
"0xef4D27ab51aBC44a4fd8124Eb08e2F5007B6F0f7","WKAVA","SHARD","false","0x0000000000000000000000000000000000000000","0x0000000000000000000000000000000000000000","0xb8c51F6c83799C4b3093Fd68c30772851d78676f","0","0","0","0","0","0","0","0"
"0x5D5BE56840D0e375511deBdCA033c02b578a23A6","LAND","WKAVA","false","0x0000000000000000000000000000000000000000","0x0000000000000000000000000000000000000000","0x87D6b6860C87850ca57c698461c8Df89AD3BBD33","0","0","0","0","0","0","0","0"
"0xF0A519A8E3Ed44DBe03855c1E8E826FB0A896C0A","OSLO","USDC","false","0x0000000000000000000000000000000000000000","0x0000000000000000000000000000000000000000","0x036E87F6aBc76215ddD9ddc6369ba7110b6d3180","9584781610888261","0.009585","73834","0.073834","0","0","0","0"
"0xbaa3afa4f5dBc2f4F9d0DFf6afA8FeD00D12C9De","OSLO","WKAVA","false","0x0000000000000000000000000000000000000000","0x0000000000000000000000000000000000000000","0x8a117eFC70271FD0A7D581681217FBC010D45F1B","13799762995767106","0.013800","4447283366447912","0.004447","0","0","0","0"
"0xBe87F2e81aa16238445651fAbf62Ae097498C200","USDt","WKAVA","false","0x5383dEB37479599a33584f7Bbc346ab299e30FF0","0x16D6D83A4AEEa1a794C093f28c3B5c384355C10f","0x93dF2f11e924f9862518a21b58FDf5dCC55dEF64","222124902","222.1249","662156405536084593956","662.1564","921312709","921.3127","1576686161753869470671","1,576.69"
"0x1A2c489d90212eE7AD351c826a3A4d53186b4b8b","USDt","MAI","true","0x87C7170b47BbEa275a4d8F9C80eD82979E4Cc35B","0x38f942d6348F528ca8A3FCc6102b3E2AC8aA0624","0x194169C2992F4457D35AaaCa69A22c39761Da0C4","1156341","1.1563","8849237453235623068","8.8492","7874259","7.8743","8793498986786357066","8.7935"
"0x4A18F16b6A4F695639B0d1390263Def2e91fc60f","USDt","axlUSDC","true","0x776d2Ae19FC4c5982D5b20d8c14BCDae09755796","0x4BB23C450807e73E77dd84205B7483f222636C69","0xa655eF420de1C0c2781027f3fbB38Bf5c1cae21f","1702373","1.7024","1184306","1.1843","276444116","276.4441","42636395","42.6364"
"0x2c5C3cCF8498B494E6e3a9B687e3680A53eAa11F","USDt","VARA","false","0x7980b17F13A69463E0e565BcD98C47dB85a2BA8D","0xf735E28A315631270BFFB33E1edd9A476e8d4CDF","0x9d8960F679EcCf95d2b04eAa86048f028aF3f2a0","1073253","1.0733","38378405683735473021690","38,378.41","13704106","13.7041","76133850267817271815182","76,133.85"
"0x6337e3a13CB76d93856E7403B7f98A37CB2bc7dF","axlUSDT","USDt","true","0x1f343A11b317EB54F08D80FD3cF9d706eDA5982c","0x10Eb1337D5F54C5719AE2b28e335143Cf29CdC89","0x35163C123b1e5e9DC21598F7390beb838ab18db3","1344030","1.3440","2874482","2.8745","49150878","49.1509","85181088","85.1811"
"0xa3c6a2f6d67354f43A0b5eC9E46467822750968C","USDt","LION","false","0x8fE243F8B47107c468537D74514d7c52Cd61E937","0x7d485a6a36D5FE057EA14B2a3A7C1845C8225C9b","0xd25004207F7b11BF0f4677c9250C059Fb45dAaD4","12964944","12.9649","791547273388659400544","791.5473","409511783","409.5118","23669830775733194901273","23,669.83"
"0x78Ef6D3E3d0da9B2248C11BE11743B4C573ADd25","TIGER","LION","false","0x1E5573b2A7C1D08112d0Ff22e9F2D8EFc9583532","0x2BC854DC42e51F1FDECab3b606367D5457720caf","0x80Ad741f99Fa97dfaEbD76BAFBC3cDfB15549FE9","4285550620063939867","4.2856","3257011807871955185591","3,257.01","146530331708571557804","146.5303","182126859605231083658475","182,126.86"
"0x35081D53631A2fCd1E9100DE57dFf9b37CA9A58D","ANN","VARA","false","0x0000000000000000000000000000000000000000","0x0000000000000000000000000000000000000000","0xe71368d850d2c90D15e0D3851ac366032d22947A","128087591790593986","0.128088","614759186403942515","0.614759","0","0","0","0"
"0x07bbbc48F9b42CA2A94a38D2c5871847e33F5620","DEXI","axlUSDC","false","0x4CfbC034eeCe0F314134939d07B38d67acf0D650","0xB226E8f698EC679c7Fd17781E4d740ee38B9eCec","0x8Bb9d2726B65eA26891CE1F06733b433D0D192eD","85568545","0.085569","0","0","0","0","0","0"
"0xAAFBaee5E6E2B85f43Da772a71cC348Df6b0Ca29","BEAR","axlUSDC","false","0x90281B467Eb5ccE8f9C40FBC73Ea3f6722796918","0x8FdcAca3E3b348Df4945Dc02C682e1dEF2b6f42D","0x3705CAcdA1f339c8a42d815402DbaF980467f618","2350088623409177","0.002350","10516","0.010516","0","0","0","0"
"0xFb1Efb5FD9dfb72f40B81bC5aa0e15d616BA8831","GBYTE","LINE","false","0x0000000000000000000000000000000000000000","0x0000000000000000000000000000000000000000","0xDF581Be52C51AA2E8385349791a79D8DF29BC518","4181794044015747982","4.1818","1311793065479233648","1.3118","0","0","0","0"
"0x7CBfe090D1601d75043f365861FA2c4c557DE834","TAROT","WKAVA","false","0x8080B0B98975580994FE8E8ED91Abe71aDae24F7","0x7eAfadbe7Cde5Aa01C06410Fa9cb24D22589e963","0x41a4f8e08AB80BBdf6566647d49295dDE330a7dd","296419537745960521001","296.4195","17867533060586271499","17.8675","21368745472403607933","21.3687","2501189410111591404","2.5012"
"0x9Dd1836E100517407ac8B0E716df09293E9e2E10","USDt","MAI","false","0x0000000000000000000000000000000000000000","0x0000000000000000000000000000000000000000","0xA180964Bfbc3747dD6A1B22DA6285b5B29760cC5","2383","0.002383","90855441996122772","0.090855","0","0","0","0"
"0x754c34266a6248e8b5b98f77Ed47B5f5b854Da96","USDT","MAI","true","0x0000000000000000000000000000000000000000","0x0000000000000000000000000000000000000000","0xBa4010d94e186387355B1e887703a32249e7F928","3991","0.003991","345365024771267","0.000345","0","0","0","0"
"0x6b2FC505ca7071b09000De9a34e37e7E6829589A","BIFI","VARA","false","0x82Cd3B67fC8ed0c5c6eBB4356fA6b0E91f390573","0xb86678854E364D889E7252c52375Ec3bfF410163","0x0cA056130Ad0B056f14a99d79F89D41d671B16cf","3211639885372","3.21e-6","267687625548901623","0.267688","0","0","0","0"
"0x6e53Bf26A38FF033E999085A5cd9E9F5683D1D35","GBYTE","USDt","false","0x0000000000000000000000000000000000000000","0x0000000000000000000000000000000000000000","0xC1BF7ED0F2EE91bBe6C5798E03a5FC2bd494D215","9414038652141621923","9.4140","61996138","61.9961","0","0","0","0"
"0xb253c4f9b615C20D9DE12bF317c71f896eb361A7","LINE","USDt","false","0x0000000000000000000000000000000000000000","0x0000000000000000000000000000000000000000","0xb1bf5A9177600280BD69131bF9841B07C48560CB","2737122128476160068","2.7371","73098914","73.0989","0","0","0","0"
"0x7190D4A8690F84E562Ba2dD90BfDD5ae2FA39882","GBYTE","WKAVA","false","0x0000000000000000000000000000000000000000","0x0000000000000000000000000000000000000000","0x6f414637629A83F0339Cd1506D8E0e9F01c9c657","65662527399329830","0.065663","853580876396217966","0.853581","0","0","0","0"
"0x27f10B9De58379D9a626A1b93497b54fb0E8D245","LINE","WKAVA","false","0x0000000000000000000000000000000000000000","0x0000000000000000000000000000000000000000","0x606b7b5f361fc1e7b1d40B276D08c5f58334a7aB","1633544414493802041","1.6335","79973741758737291842","79.9737","0","0","0","0"
"0xA82Bf6cB717a00Ccf2FEa79b4B3821B9108E8a66","ATOM","axlUSDC","false","0xF13456D9D2090D70a360DE527D5B841a4180fF09","0x7DDa9756024Dd0C1E9972f5a2C3f8E557b06864A","0x9A95932C474a83aA9b6545E00D8cDCBAB454200f","442244","0.442244","2138404","2.1384","0","0","0","0"
"0xD39c219B018207F44799D93433c9bA23A01EFBA2","ATOM","USDt","false","0xd15B22628ad39b4D5a0A574AABA9E910a1A2cDc6","0x71B8A0fc370AB3209B8fa92C09b32739644057fd","0xD29De90fE9E9d046F0F973D96453e6A1b06798ce","298490","0.298490","1108958","1.1090","1635155","1.6352","13600890","13.6009"
"0x2eB9fA91ca430e2b04D81066a9466034A0443f42","MAI","QI","false","0x576626ee0a2da82F8c5F54bD9Df1812A00c59CED","0x559339cF2c24e43EFe64a9e8A994Eff3Dc3E33b5","0xf2d7979Ef026019daBfdecE43dE48bF84dE16aC3","13797795518182587","0.013798","1832605148487271557","1.8326","11379308587090380","0.011379","644739408832120907","0.644739"
"0x395e6e5F3df5120fDa26bE1849d4388cc2500435","ACS","WKAVA","false","0x6d60CD9042BB5854f7488aCF949C636b67e0FE55","0x30A767EeEC270bB2d524B3c39e252a4140a45BC7","0xbD5014AAc6a6Da6C57fc0Bbb3be4d6b601b6e87B","466787883994510600","0.466788","742528005914485278","0.742528","64591989626742350842","64.5920","48144502219097651646","48.1445"
"0xb0203B98Fe5AaE9D7061DFeAa07E774E3e776808","acsVARA","ACS","false","0x2C14648216dc13BEec6c468F7724768f15C12603","0x8230ee44f20a16adCF816f797f040dc8308d42A7","0x3e0D9609B9e3A4c89F7C8428D8B34e13c4580b77","1063304086148925917273","1,063.3","925368185614391319","0.925368","158724119828793532105","158.7241","934833904357011180","0.934834"
"0xa77cAb4b0c941EB373e31f6a634f423bdb990a5f","fBOMB","xSHRAP","false","0x443c0CE3745A1385dF1E7284CF2D050C4aC7d437","0x7F3C0035F4b6DF8f0bA2D56E659B43550815Ca10","0xE07Ec1cFeec5e43102534560073313b5F7CfeeD9","120760857300496010300","120.7609","41055004007591406","0.041055","0","0","2173479227999","2.17e-6"
"0x8f92146e7687AbB1793DD75D4941CA5e0A6ECD56","LINE","USDC","false","0x0000000000000000000000000000000000000000","0x0000000000000000000000000000000000000000","0x6a4b95249aBbc419A30D6Dcb504DbBefF097Ff2B","545903202531934540","0.545903","378206485","378.2065","0","0","0","0"
"0xd9647bB6208793aF889b808714Ef89fadeB41495","ATOM","WKAVA","false","0xbd753f9F68D4b96dD76fB0Bf0E48343E5645061a","0x38145C86f5A694c97691E31C34ab15AEfab7607B","0x41263b19D92Be4A48d17B84e05747259Ca296496","764242","0.764242","6146384535151754412","6.1464","0","0","9561561976770141","0.009562"
"0x1AfCf5D216C730DF38B986A71214ae4D4993B0Fb","TAROT","WKAVA","false","0x4C4F89893f7435F1C0FdfeE73aD939Ca16d4e1e6","0x1ab8eee5B6F3AA739755fAB1bA0610A803bCdd00","0x8cAa98B8306F49736613489cA437a551C80C3b88","4664116","4.66e-12","2510498","2.51e-12","89327337166478797537","89.3273","25547364861178886141","25.5474"
"0xc8EF15e2B1De8Ef4e0b0D7739B25236694b50BD7","USDt","axlETH","false","0x5E29E4d6A9626Ba6d6436362D473D376A8abF701","0xD05aECB4B8284F4F3D0380F658774AB2Cd46b7eC","0x8ed4edb09923Dfd93a51F0fb3192711B4195a526","1467993","1.4680","522493751373002","0.000522","2","2.00e-6","94845283511966","9.48e-5"
"0x5fDEe32adB0d30d16c118a399766A2292cCdBC65","axlLqdr","axlUSDC","false","0x5f0918fAd2001d798d962Fd951AA9692c8c38450","0xFc8d489dDcbDDB86673a0084E7f2c02F218FcdF4","0xdF98a5EAc44075B777539e704b457af16D08e133","12337379555001347560","12.3374","281388","0.281388","21216220499115668395","21.2162","7420734","7.4207"
"0x96B2445330b4bc80700F39B1930f0Dfc76B127af","SHRP","axlETH","false","0x1604B2065630A78A4Ee808Bf6E245B8ee24c38d8","0x1AD340a08B69dAB1Fb92300C7bcd626e0939943f","0x2a3D1Ee583E9De3D6165477b5b748a41E0f24Ce3","116","1.16e-16","37","3.70e-17","2361986411595823","0.002362","6","6.00e-18"
"0x9fC79b494C138c3Cc88040EEd3E9B5DFaccFC2Fe","SWKAVA","axlUSDC","false","0x9b3d84ff75eD7ecb4065864BFb0ca2f04AAf63F6","0xbBA3017164eF3FE761B3C1653F9e5e775b058B11","0xC6fE147aA89eEBC72dF88c6584059A0f50B9Da8E","1376104457258142143","1.3761","260604","0.260604","31324840415138898","0.031325","0","0"
"0xB2F10d4b2aa73188144dD76a7258F09834F205C8","WKAVA","P Test","false","0x0000000000000000000000000000000000000000","0x0000000000000000000000000000000000000000","0x41AB613839f7827Dd9cFa2CCe0cF7022bc824cC5","0","0","0","0","0","0","0","0"
"0xd1B2aDd67A9A4C965f7D449a53Fa2Eae29507614","USDt","PINKAV","false","0xaB386e7B262462fA7539FdaD839ee8B9F8dCD48e","0xB058Fd7d821dbBC9fb5ef5D92cb59f6Fc12e6982","0x92132E9F8F707E59A45cD5715B047014D430c2F5","1467","0.001467","259067061918717242","0.259067","0","0","0","0"
"0x026AF7D0699eC2044D48fD6284fF9dD02D23d7A6","TST","WKAVA","false","0x0000000000000000000000000000000000000000","0x0000000000000000000000000000000000000000","0x75cED8e83239FE13607b3bD7385A9E9Ec9509536","1360313355945418816","1.3603","2400000000000000","0.002400","0","0","0","0"
"0x8Ae269Aa02eDE10Ffb9C1A354356A283515DbB44","YFX","WKAVA","false","0x0000000000000000000000000000000000000000","0x0000000000000000000000000000000000000000","0x6409501c21EFD0B4b50c10F92749C49A6C9Bc86B","1093921511948","1.09e-6","46587084294644","4.66e-5","0","0","0","0"
"0xb41AB6dDC7B134D2C9bA1804Dd31Daf7a19E0762","TV","WKAVA","false","0x01d965F73b40907B2Fd839Ce727dCc6B30c50e74","0xC46CA6E3eb4c90d055a3ecf097899444a6B3B66d","0x288f76A8186ae98e1BEEEDb9a95aFD3fb4e89cB3","565715289448397978573720497","565.72M","40729950912317350","0.040730","403549790341985301929342286879985831","403549790341.99M","2037009954543639478","2.0370"
"0x615A4BEcFBd4324bed30A512FC4e04D15398A6B2","USDT","ETH","false","0xa00728C3cc140aC5C687aB8E953435F9C30FE75F","0xfaB4E1A5c18CD59B002e7e9Cd70262392942BEe2","0x6106E820819fa0310CbE92E9b07c1f5D2e472443","5387416","5.3874","8392011432654678","0.008392","0","0","0","0"
"0x0EBeF19EbF0C4BDE733310F3A6a1c350cF1E987A","USDT","USDC","true","0x550a9C43AEbbc1b420B18133a4c0dC09edD95aFa","0xEAb595EA21247fe1B01bd4eFbA53F2e2ec76E139","0xc4b6B2b9fe6bf43E301E180b386CBe6a8e843F43","337067","0.337067","43532","0.043532","0","0","0","0"
"0xf20cF1707bCbC05c70992371579C7C6ab56aD6d9","UMBRA","WKAVA","false","0x43331B936063dDD27224FBdFA3379b83Cb214486","0x419222f41916B8c62e9B08212dB8D622F3d107A2","0xdd357E394005c887D5B03b24839f2fE7Ce95b4bc","90260758750720560","0.090261","4928698328808655841","4.9287","30600495017391120013","30.6005","384857452175288270","0.384857"
"0xA4Eea86B99588E231EaCc5428DD737Eb77B9D045","fBOMB","axlUSDC","false","0xB2Fb46d65A7F2DA3fCB7EE2e9a1AcB51C3Fb5299","0x5d8aaB8015E42ff3cB1A16dd27B9460Ca66b142b","0x382fd1509e6e8B9f93C5a49f979d12071E6fa593","50667774230789203262","50.6678","1043051","1.0431","1034451180401417035239","1,034.45","9001890","9.0019"
"0x8482eb8e1c3D5787d56E2A8e144e16DDDE09c292","QI","WKAVA","false","0x47FB1E4e697775BC3e585a8f7DB34479bdAC0228","0x13E87b03d5d004d1544616367D448D0Cdc0B6DAE","0x0B6DE411e3e6b50E2715093F408BB68e91Df1D84","11075519019456730087","11.0755","117689587074003770","0.117690","1103294662092905457","1.1033","2825288170998194","0.002825"
"0x992744019DF36bb15c0B05549CD6F200A0a1a1e3","USDt","QI","false","0xa38c4182553d0183a1D819d44fD9bdd07e82a067","0x69924c5Cd31600A300a1210719C7E933eFcBEC0C","0xE79615A16D3DB8f731b8e5B6fF664eaA2382496c","46328","0.046328","19027979816521353104","19.0280","0","0","488967044446993915","0.488967"
"0xB079Cc7373D49722bA4Bb4CC6cfE9858439c130D","USDt","pKFI","false","0x0000000000000000000000000000000000000000","0x0000000000000000000000000000000000000000","0x12D3bc37cAF7d8064c630C55015305EF5c9ABA2B","0","0","0","0","0","0","0","0"
"0x808b2966306F7baC00913371a3e28ebbeefef1B0","WETH","fBOMB","false","0x15b58D542E175D7669FBe8A57ab64c1F105E5312","0xB69fE255Db9fc425a0babeE2f5b8692d4167229E","0x10Dcb7e72f537Cf518009691aAcEc2C6C6bADC59","943820543001359","0.000944","434617063433317828753","434.6171","1027767119176612","0.001028","150570771076910729331","150.5708"
"0x4c4aDa7ba097632A4bcFF93fb10B9753FE2D9760","UMBRA","VARA","false","0x3E71a120a2Fb06c9cbBFa7a112951BF2a92Dac88","0x236b9959B7f0bA31fBA35D14B3251aA2275FF353","0xe06d72CB4f304D3Ca27E7150938Ef96779CD2d10","2349910519760387024","2.3499","33331101277752378134","33.3311","690242655039345391","0.690243","44829452626011577459","44.8295"
"0x8F3f292f9Ea989cD98FbB2587df36148c27269AE","CHEF","UMBRA","false","0x0000000000000000000000000000000000000000","0x0000000000000000000000000000000000000000","0x4eB29793efAF9aa43Ca2Ee3763Fb41E859104cB5","159047531066698719","0.159048","32700050227323317736","32.7001","0","0","0","0"
"0x4638223E03302C2D2daBEDE7654ad57277cfD925","CHEF","USDt","false","0x0000000000000000000000000000000000000000","0x0000000000000000000000000000000000000000","0x636e30Fc7B83E2Cedd2fBFfe855F8D4df979551A","125982155091119739","0.125982","593100","0.593100","0","0","0","0"
"0x877109B1D615ac92e7Bd79A377C984e708793E27","CHAM","SLM","false","0xDA249d58dedc51a67a0170076F4240b0B07E5D95","0xF4e38cc9569E806C3034c1A228192c4acf37469D","0xf40B353e426e8b2028BA3729d0D4a6374db1D4C7","0","0","6261740440000000","0.006262","0","0","0","0"
"0x43160F14aEf9466F01DB42384d195b16C1aa1C60","TAROT","SLM","false","0x89b92FC315733548704e59345a15eFc5B50efBAF","0x8fdC3C22176CDF6D2b1b88fE94aA46ce8cf23693","0xa2D8beB22f29b92a3F3Aaf1C35206D32478083bB","0","0","0","0","0","0","0","0"
"0x2C018Ad67e6B977A5bBfF0A420469adD3F0A133B","ACS","SLM","false","0x62598C1a32bF691C7a6448640ED19Deaf0E6d575","0xf0d4aB504f79eC03e26743c2298aF6b69060F34c","0x532979DE438Ab455750c959dCfA082aBA7f197Ff","0","0","0","0","0","0","0","0"
"0xB3E2ED94DB1b446Da7Dec4d200Db4E4694CFE94a","CHAM","TAROT","false","0xB66d199a797Bc9eFa0c6184F3576DCfc697ed9d2","0xC7A5D235d5B852Efb9574E97C9316BC73a6d4c22","0x636F14388D6655991848Ad1ae4bC888A96Ee9D34","0","0","0","0","0","0","0","0"
"0x56Af564A4b61814143D58638f7363bC7E222ba09","SLM","BIFI","false","0x6D59c1887Ef59bA2D151800c7d39EFBfd5a21DD3","0x7eF740666A14e263615DB32852197769670708D8","0xBE6b28A424c28F6f5AC69053fB4E115a2E756AD7","0","0","0","0","0","0","0","0"
"0x49B238813CB3Be35B7835364b2a9Ad7B38DF22a0","TAROT","BIFI","false","0x43e1e486Df6b6be982424F4dE7A9bd93e1aF64CA","0x367a27065026D42A00F1fF20811abd18A02eEE89","0x29463CC9A972e8fa3a62Bc7a7f60Ad1cF8B251Ed","0","0","0","0","0","0","0","0"
"0x93256e1cc17D4A7A91e5c93884AAe8268C68692f","ACS","BIFI","false","0x7D54AF16d8A1a670A536E16e74113455fe314b50","0x018d262Ef219add39De07A2e75E7DDBCED80D0f1","0xE50Ef3429309C7491d458B79deCb8184e336366F","0","0","0","0","0","0","0","0"
"0xeB699754DD2a7fE88e0b77c309896eBA952F15fa","CHAM","BIFI","false","0x0000000000000000000000000000000000000000","0x0000000000000000000000000000000000000000","0xc1Bc16209Bc5eecd99aba2fA436Efa541dBa72F3","0","0","0","0","0","0","0","0"
"0x3B315B06AB0D95486B5847503F1A82bd8277fe9b","TAROT","ACS","false","0x256BE1114e953A37907c9354838d8E553493A4A8","0x4CEa762D947430Da16D7b88AA403e75F5A2F2447","0x0806519c42B3bb5466CAe2955A124BA840cb1852","1071669073768661","0.001072","4737683313729","4.74e-6","0","0","0","0"
"0xc4358ce16c9E899D1b9589A8f877bB9137222Ba5","CHAM","ACS","false","0x0935B8a187BE8A1f6eDCfbE6f1ac01C9D5c20ae5","0x9f8ee1Ef5F44816da34a663B00a90489F5c920b6","0x3BFb3F979Aa9Bae67E0e019fb20A017F00F4c474","7638035571350169","0.007638","19231429438317","1.92e-5","0","0","0","0"
"0xefa03ABC8c69279fC83aC00b568188e22Fb36A0D","CHAM","MARE","false","0x05D96Fb6ce22d60E8dCc355c16b63e9E05D2c279","0x35706Eb2aCBc65F89dC0783f1E3A130d5F9EBCE3","0x1Db62299a2E72A39577e93042ABDC306a7dF80e4","427259507731500","0.000427","580292091307179","0.000580","0","0","0","0"
"0xdf602c1775C3683d2AF01A262A1C8f5b7fE8E36c","TAROT","MARE","false","0xb0E0687e5257e05ff7aF70e53E4876336b776F7D","0xcC5FB59c8CB72Ff8857EAE833289Bb882DF3C0dd","0xf461b2c3cE5bEEB7a28c7061D47894DBd89b1e6F","595427294872","5.95e-7","9205985383379783","0.009206","0","0","0","0"
"0x858543aE1D3Cb61BcC0b3b72b75023f451698a46","BIFI","MARE","false","0x2B500B2D35172874E0E846a16871682F6BC7DdcB","0xfd4c5a7FdeB928c71dB2AEc4AF270486EEE2a32B","0x3a711b01372325Db0a2Bb20Dadb9883668355749","6050180525726","6.05e-6","18701650954983198","0.018702","0","0","0","0"
"0x345F70E273025fa20091485Fd3415461EC28805E","SLM","MARE","false","0xDaA41422c5C2FEa3c218A9B8741035982fDbF6f7","0xF3DCA1E1933a5A4E7733c3f36384602BcC809c02","0x8bCfA6529fC3F03575d897159e3f7Aef6928f90d","0","0","6768165599199353","0.006768","0","0","0","0"
"0x8988925B0373c43d890aa8Ac09e345b9E853F52f","ACS","MARE","false","0xC8f90e226893Ae3fb2790034Da32089bE19bc750","0x8676Ce6aFbeC9028E407e602616867E329e4DF17","0x104E7a97f283DBbba976579Ee8Ef1432C1808e85","6972927146291","6.97e-6","18912948277927202","0.018913","0","0","0","0"
"0xfbF6a484B2aB30f37A8cef019d4e47b91F4774Cc","TV","MARE","false","0x79440C483562dCf736f0fA29fF607aB09D2e1BCd","0x2A6f0Aa32F54cfA782D94cC7b9c4BEADca3DEd56","0x4a911304889C635e0a0B9b8bF7F4c51Dd1176333","2413194797633321962708798732577967","2413194797.63M","2376398581447200068","2.3764","18970533799758820023224071411719","18970533.80M","53696793030562164","0.053697"
"0x2A6A5F766BB8aa6d8832524F76EbB3f34CFF3046","TV","CHAM","false","0x051237f3e4583b883eaA7Abb5d5E81180a54989f","0xE8C20107143de16663FA05159C73677748388eAc","0x0B85B334B38D60751Be82D94D4872C4187194303","2119150081954611834164031","2.12M","0","0","0","0","0","0"
"0xaB8FCEec02B0A4Fcd182F516A314097F83f7c2BF","TV","TAROT","false","0x4f4A61568a6CCb0C99565576F327862e32644918","0x03D25FB337Cc5c23d362DD5941A376bAC3073550","0x154bab75045396E228b8af85fD88ebD85ef10e95","14591172467319243699601800","14.59M","0","0","0","0","0","0"
"0xC3A9FEA5937849A0a375400009bF0388E2E991fb","TV","SLM","false","0xD22E90C8442F74eC7e70F24D9Fbfcf7a03714B7F","0x82848Af14adBb68dd4B7243aF0220ff38170D6eC","0x8B3110A61871c2b652DD0dFba347FE8063954A47","21511163757737927410822","21,511.16","0","0","0","0","0","0"
"0xA7335A3FE9dd8eeb02Cbe7FD128256C873299B04","TV","MAI","false","0x841912Fd604a828a2424f0A5d7107B6F61874De1","0x1EC95786048A0AB6ea25f312F22fB5E6d2A335F7","0x277f58fF18EF0bA6e665b641e817bE9E145F8b22","1042612003704087232032984","1.04M","0","0","0","0","0","0"
"0x8f1C786328B843B12c2eA2AFcdc46eC8AcB3642a","SLM","MAI","false","0x4ACb4AFf85ce7a3d32d93189F8Da3F3C5165b992","0x442fDBB42975A2bEC28682Cf2Ed3D7201A77F4bE","0x194405B57413096733e5A80ce810886c6CCFDf09","13117184432796679433","13.1172","0","0","0","0","0","0"
"0xC14f50956De9F1a263B13D459De4E6b2aBd4470f","CHAM","MAI","false","0x66B7fa0BDf6d9Fd5Fd9e552A4d83B7ADBE2a4888","0x9975043B6534c4Fe125f059B23c2c62BAC71dd0F","0xDb2519094CCe1715E10DA7349857E27eC1d1a5Ff","515732723829383","0.000516","0","0","0","0","0","0"
"0x27f240cb55ed2677386A78ceF4fE588E42A3fe4b","TAROT","MAI","false","0x7D9Ad22DBE74905384FF505CaF47508F91C272cE","0x68b42A9162ddEE235475EcD70e42AfB965640f32","0x72474Fc0606cDE2B77BC7B19678022484d04D303","486026317923892","0.000486","4493080498426","4.49e-6","0","0","0","0"
"0xA606C9931146FbC2E5eDaa04AEE1607f23c1d7Bb","ACS","MAI","false","0x09527a5106aBD7ea6be2A0dF5c8aD480314CdD45","0xe0116f88634Ad5d80635D61259a4FEb50625C928","0xC5573343d20F20d9Dd8C16c12ccD0514E283F749","129358556969715","0.000129","4145393823943208","0.004145","0","0","0","0"
"0xc78eF44cF5355ADddc6FE32f7fFe380FbE60B18D","MAI","BIFI","false","0xE5e0dde63bA74Ba22037Ee2bb4A7BF3b1Bf206Cf","0xDf7087B286277943bf1B9A5176B126B1c53f54dB","0x9b2bA5500d5aC6e74349de9EC41BDd17D2Ca9B09","763881337910324","0.000764","38493178970804","3.85e-5","0","0","0","0"
"0xEb15F5ff0e73646ff0a05096A50e63230f6ad0D8","TV","GMD","false","0xff0133c2A3D715fFbC5b96E62F8b5540FBCa02e3","0xA22cE29c361Ce084Aa935919694aDB9C5f9ba147","0xE93A95BD456e9B1Dff6ca88c95674e569193F542","811848445731940615773934","811,848.45","0","0","0","0","0","0"
"0xF1311802d6D4EC402095B4feaBbCc0B0E7561712","CHAM","GMD","false","0x0000000000000000000000000000000000000000","0x0000000000000000000000000000000000000000","0x8081466F279Ee9c8dD05dB8993d99dC6F505ebA3","969607351901186","0.000970","0","0","0","0","0","0"
"0x7C2bed93905CB531D4000324094371f0c6ceBf6E","SLM","GMD","false","0x0000000000000000000000000000000000000000","0x0000000000000000000000000000000000000000","0x92EE61946FECBd28B730FF86b36A718859890D87","0","0","0","0","0","0","0","0"
"0x5A67F79ffAcAAe8114CA4e2F6996181e92db6a63","MARE","GMD","false","0x8DD2042d3a7fDd2B17E0B57BEe4778f75CA4Ad4B","0x7bCbD47db6B8562C75a18Ae1509a9E1E227B2ce2","0xf73308134452A424189fbffD99d87f7c0b4Fd089","4051020816382175","0.004051","0","0","0","0","0","0"
"0x2F39e0CA26cbf0DF1F711e6cEE9D4326E9C519A1","ACS","GMD","false","0x0B4d95F59B60Cb34C01c0e1De7c71f582C669ed6","0xc7CDA20cECedE1fA20B8d9Bd7cf0A3EFA234813a","0xfE3bf0364B722851e2aFF473C4502fC58Ad4B534","8683877188938","8.68e-6","1844088991891","1.84e-6","0","0","0","0"
"0xa44fFf30d5b75A8990367C83E73D4Dc317857AE6","MAI","GMD","false","0x0000000000000000000000000000000000000000","0x0000000000000000000000000000000000000000","0xef74102504Bcf395aEdDbE2d9Db1Dfade9402fD8","17924626904824","1.79e-5","0","0","0","0","0","0"
"0xFda5214Ab22Fe5B624c3D8c8133A998782d3eF7c","SLM","WKAVA","false","0x0000000000000000000000000000000000000000","0x0000000000000000000000000000000000000000","0x6B12a1b7B469956900f081532Bc5fb7F99397365","6268415326655268439","6.2684","0","0","0","0","0","0"
"0xEA41B01C36E8e8d393333F48498637cDCF88d251","ACS","WKAVA","false","0x624bfb1d1085D37E9CfDBB867c47c7fB3a90c5c5","0x9DCfE1A2D16f9F5a5428d6dAc601F1CF229bE92a","0xc16AfEc6E194Da0b8ADA1f353336A09766bAC5Eb","117591446235022","0.000118","47921674645879","4.79e-5","0","0","0","0"
"0xf4983a80c967094098a1df3d5ED9460D44279F81","WKAVA","GMD","false","0x896b7410545F3E3110Ecb70403C53fd81402E817","0xbD5997D983b3780265C70D844800EF3142536CC7","0xf29C5cE2ac30fe6E3Dc7F90A87e89F0041f14772","25022156247826","2.50e-5","10503287166474","1.05e-5","15470503286590","1.55e-5","16231967309737","1.62e-5"
"0x0A670ecBD71dB3Fc630c6b1F0aAA53447ed9b3ED","TV","QI","false","0x94210c54bC8132aCaa8D8AC850127f0d0b77ddf3","0xCA364FbBaE04C64dD5f1b8E971231EE0a37b46B6","0x578bcf685f10e8d440bf880c1f8AD2F01Fff0EB8","3657872258360847526231625520","3657.87M","3428364451997125","0.003428","0","0","0","0"
"0xadBe744240c7348C14eb3366A99BC06F5C7bb293","CHAM","QI","false","0x1573B3773ecE1dacF65ff05A815fA73764740AeD","0x88Eee7834965A788EFB8a4BD6403e57C423e5E72","0x23a26A22796E766e923C648E8884e0c3Ad56fd04","1439676329147035","0.001440","4","4.00e-18","1123771802214114","0.001124","1966084361717355","0.001966"
"0x9E77eF12487eCf5501Ba5E10F847c37D3Ddf2FCc","DEUS","axlUSDC","false","0xe80B666bEd468F450ea40f0B397bEC2774B7c0CE","0xB6Bc836f9cA9A50A1B57f6D600a5185a28791582","0x0d882C0e3E1E1eef95653d943F09961e1c349089","929492256153551","0.000929","8122","0.008122","0","0","0","0"
"0x45A026EECD2a73532f494c7222f33330A198a6Ea","QI","MARE","false","0x0000000000000000000000000000000000000000","0x0000000000000000000000000000000000000000","0xe74E9F50f8179d841d25C10653f20eDA571818C4","0","0","0","0","0","0","0","0"
"0xFF104B0CAe54F696C95F74D7E3b2dB576F06c8ef","TAROT","QI","false","0x0000000000000000000000000000000000000000","0x0000000000000000000000000000000000000000","0xd9c675E1fbb2302a84F47C4Ad4D669b4532E3c2F","2652217983480584","0.002652","10791721950643444","0.010792","0","0","0","0"
"0xBD443DaEb44e5FDD80acBAf7f23BE1E8C19C4F9F","ACS","QI","false","0x93ccD1d265241012F14fAAD7FC546954a5e035B4","0x86Cf28B2172a8799aBF0549eaC03b536d63DB29F","0xb7AFb7A8B6cd95F2dbFa93717F24d0CC2601c6D3","30348473277731","3.03e-5","4179279747703889","0.004179","0","0","0","0"
"0x35d6Da4eFAE9b1a7a455Cb2ed54201c404424049","QI","GMD","false","0x36Bd03CfaC0130ee9E663b7683B86Be075e2D055","0x7c2aD4ef03B4Da30109BE0cA3Ec159622813bf3C","0x72E7Aa8987F5C9562C0627743591A043a9B09f3a","1190636144486559","0.001191","8135993834191","8.14e-6","0","0","0","0"
"0x7243a9792a25eaAB9a597b8362016EB2B3e09577","TV","LION","false","0x73bA2073a013d9FC67f42E189BB26Ebd3Ab17c29","0x52BA4493b1bE693163599678D7DcCdc9290d88Ec","0x37d6384915D7EcD5a5BA7eBC28Bd73d0C86f5AcB","1248618","1.25e-12","0","0","544078956092293271294888","544,078.96","0","0"
"0x98A858c406Fc541c2E0F768C510d2fbBE6E11548","SLM","LION","false","0x82D0a4Fc72cb0Ae148C5A728b4aEE2f80d7E50f9","0x870791D913C98f7c980F8fbE0226b8DAF03471a6","0x67B649d27694E6F2C3834C90294f0568DFaB5De9","0","0","199114872684417","0.000199","0","0","0","0"
"0x6EaB46F9eD0ebD4f9cDbCBF4Fb3678c94237f73D","LION","QI","false","0x7A2AEb297c977D1a55a417c3c70d03bEA042c0d7","0xf7de75ee0c2f850861Eb21Ea2421970737534aD3","0x0f3469f371eFA5AAC5100f8b6969EC42d12E4D24","0","0","21310248991455","2.13e-5","0","0","0","0"
"0xCCf7b027A9a75f247100Da89700519AA16763a6E","TAROT","LION","false","0x4C2aF8E9b378B80EC46a265F84E03ee34B190d0E","0x4CC9C0c4999D189ADf207ec4882d5A0FaB001E77","0x8cE1Ac131A188c6a585bc27011afeF08404f5288","3325921215528820","0.003326","268637303658887","0.000269","0","0","0","0"
"0xe61fcFF40E0b3262bF9A8B51F43D0B76846b0d84","ACS","LION","false","0xA21702aBC1101e6fa8579bc5308614fCeBFd7949","0xF6b38a8FA1C75498B1F166B1e167c7C3a5F25968","0x164685b3ed99f56ABAF1e5756090Bc7F1F7789Ec","13274614151649","1.33e-5","197878512974152","0.000198","0","0","0","0"
"0xC42b945169e9D1bF2d5682054Af9b9Dda6529dC9","LION","GMD","false","0x8E6174ce27f8Fb7b7487e45253714a3DD073e434","0xAe7D2631F67319EABF8b5CE3ff145CDa6BDFD510","0xC66016C2cBDcB01A694c0C6559c889eAD2E4060B","105338785974771","0.000105","0","0","0","0","0","0"
"0xA550D187041633D54DC5014E3Ee38242F9316539","LION","MAI","false","0xf8cBB56D9ff552cE3b7b33d31CBEc0Bf9AFE74aC","0x95D220A1fC9b0bbC251fd6e6350B445C2c38784B","0xd3d15bC8FFEd6e33470594B623aCD6700d9D694F","0","0","24125085349478","2.41e-5","0","0","0","0"
"0x7fC1E44375ED9E058fc72Dab9a52189EdD13B3c2","TV","VARA","false","0xf200137887F9591Ed6c5d0023AF2091359AD357a","0xb7b1b22Bb89953912ad295927A454da37493fFe0","0x17e41A3DE7A34336b07Febeb9EDE405dd77d080F","6199546625","6.20e-9","243739560070390055","0.243740","2412277583204296446016450360701184","2412277583.20M","5268200931771213000","5.2682"
"0x086f69a6224EF4d16e9EA7b1AFb0288B66f91604","SLM","VARA","false","0x0f5c82eBd43E34A6234bA817F851992775D3b107","0xBF184e14aEf08889CD72149D65228f3d81252cd5","0xc2510EE62e4859852e09537b825B75c9a8dEaED0","160282031959259","0.000160","1072738621583245","0.001073","0","0","0","0"
"0x8C6a90dBb8Cd434d06310CA90365934aDbF60F67","QI","VARA","false","0xDf82fCa31B3f11cbEf3B0e47A6bdEF18f84792c0","0x0E5f795C1cb9c0c9922001612FeE8F02B7eCE5BC","0x7ea486757476a3540C826dF10076c9256a42d211","344628638668432","0.000345","6628134111928767","0.006628","0","0","0","0"
"0xaDe4C7ba6A71ad36C6b5d3d99DD812bf7C16De5E","CHAM","VARA","false","0xdEc615B15E31Ae8606A48561D79f6C0D31ad7a5A","0xceAD9dad29A46A7b06772608661A6bD0aDD8188d","0x822D1BEB0c66df033ece9E599916c75d76f80cF1","1041190928157826","0.001041","3534950113478035","0.003535","0","0","0","0"
"0xE4b0852643993333161649C4cC387463e86b838c","TAROT","axlUSDT","false","0x5B0C7C942128949ee987E57744c8FC05A6d51E64","0xE257fB72176C3f8795b50D5F6F16ccC40E078f09","0xfE9d45995A0f0b18D349B48fa8d7D33b47fd09f2","3833731458172721","0.003834","823","0.000823","0","0","0","0"
"0xc850b56D2EBb78e8c4D5b4a47742958C7a3aee19","spVARA","YFX","false","0x326753eCbFDe48D05a583d8BD872FB5a64690606","0x3A00Be3bC734D0c1BCb79F4Ffc3BF34c006d02CB","0xe3d0B49De7F379e7Dc649D2CBe2dE2811f5DB2Ad","0","0","215201343749","2.15e-7","0","0","0","0"
"0x1706E392E640949a384E6bF429e98b6dA7f31b8c","BNB","PINKAV","false","0x18c454a8EEeDcfD6611F25d9094260AfB44663FD","0xC97e373c78A3bD257e75b729A1c2C057e79460C7","0xC46a9f1115f31c029c7eaD309fE56Fd10f2D0f18","235748306","2.36e-10","0","0","0","0","0","0"
"0x330a3189e7Ae65798FcF2A3F39010bCc2274900e","PINKAV","USDC","false","0x9A115ff86fC638ed41244e7ac0bbc8e82b19BfCa","0x6a2a2BEA3Da6d6681D7C09faE824d62E595d45c4","0xcad1Fc4a9B685e212B9d69C377128808b6a31204","184231265237325531","0.184231","443","0.000443","0","0","0","0"
"0xd280f3510Da4D3cdD28cd5498fD6Fb35CDe9a94B","SLM","axlUSDT","false","0xDC7384b4BDaF5D0213461ad42aBE991320324F5d","0x1BFC77E7a4BD7188E11876f95E4e92b86793c134","0x14d241ed4A4f2518CEAA0fC217C76e758DbdCE6D","0","0","0","0","0","0","0","0"
"0x16D36c9F35e5bC2c8a4e3423251A6E0b57175bE1","axlATOM","axlUSDT","false","0xB3b2e3C4479c16524f62Ad48f5a9CC343f3438f3","0xf2567cF276222411F34464A22FFAEa836A9B3B50","0x5378ac4D7eA8bfC58151e93634740f3166559FcB","0","0","0","0","0","0","0","0"
"0xffB1d4A372e7F4D1011cf788498b30317E643D9d","axlUSDT","USDC","true","0x4280F1eF9a0bd621418Ca32C6d5789f55243FA6f","0x768eDd504EF344b2aAdfEB2DFB2bCB5FAB489702","0xaCbFDC87eE41fA9e4F4AfF92C04C2A0593132350","28","2.80e-5","1490","0.001490","0","0","0","0"
"0x819e4Bb6474b0adD33BE537a4D9beF90BC059420","TAROT","BEAR","false","0xf5e4a62efe5DfBDe3c293D7a55F3807EEe29D6a2","0x54730F684f59574E9fd22751484d076139DAA0f8","0x9F0cfeF362a1afa7eB4071889E7cf7b1899efA10","11085203349411","1.11e-5","0","0","0","0","0","0"
"0x4aaa43429c7296B66c70958B24F4b663CEE4aB8B","LION","VARA","false","0xfFf80E83A5049203F116915f5BcDbFC678F8b0FF","0x5C8d681ABa7190886E0078771076f6Ca29874A96","0x122247316d488Fd649a851f305acf5F470C4c255","319654517788027","0.000320","84132148085313672","0.084132","0","0","0","0"
"0x7eB6A184783e67394AA6a1584ABA39182722BE33","TAROT","VARA","false","0x07474dCda70De2e6Af90A26910c80F3C4B99f0b4","0xE19fc86c5c0F1C3283Ab5F426ab59AF52f2b1305","0x91BE89adb91bbF185D63364C0c6870bF6878A9B5","44417893559862","4.44e-5","11382173472020869","0.011382","0","0","0","0"
"0x861FBABC5738b16C540253a9A6db540761e81d1C","VARA","GMD","false","0x3D6980dcf831493b0BD3B4b41C2470eE6fb46398","0x04559D6dBEB3a4Ac65401ad6733Cb0Bc6B947AEf","0x8445a8eDb37A9c27F5C15eA6Ff302eD40A677651","29861476803498129","0.029861","442287274928","4.42e-7","0","0","0","0"
"0xC6CAf9dF8CA33190C9e1137a17595c3A5e817792","TV","USDC","false","0x643908e9Ee0009965d182128F9FF048Ecc7ECC09","0xE68813165aA342f916a066Ae618640FB5812b835","0x513Af8dfD3544176121FC96ac36BccE0A590dcBA","43610587666631364629138708","43.61M","1","1.00e-6","0","0","0","0"
"0xf56c35c5D70A384d25bee1bF0c12f78375868483","CHAM","USDC","false","0xcE45d8C99Db92F02267E4b2392389f334537F2E1","0x44bce21d5b4dB17BeA6De688515e2dB828f7F44d","0x313CB9AbcCf8B6a7bce929EbcE94E7D7EffBC534","1000207479419647","0.001000","22","2.20e-5","0","0","0","0"
"0xA9C1799B6BaE5A56Cd3e53a7b8FC0aE9Bd9066B4","GMD","USDC","false","0xDB9B51b2358790d131aDF4538968e0767494D6C1","0x313695e92a8fd215Bb815968E9dbeFb6bECF7098","0x4B5A24840b8Bc449C0B669f0D5208b154B0f47b2","1629977788152","1.63e-6","19","1.90e-5","0","0","0","0"
"0x7B3F361e11eA3A38B98eeFab5259c166f9c2B6A3","axlLqdr","VARA","false","0xA9a1C4eDe982eDEe0d6afB6e7c4446921836E65B","0xf55ACeC2911e791cb97f11b6cED52A58531E839b","0x09D7374A8bc2D170A4eB341Fc0EdA1c2E36c8590","18044931489871","1.80e-5","167192882036740572","0.167193","0","0","0","0"
"0x6D725A5F428A3f4c7587Fba3DBC6BB88b83523B6","axlUSDT","MARE","false","0x77e70c9eCEd9826Bdee522fBd5EC6887aeaB648F","0x3aa0d7B10Be3B74cb5fDf81c5E76b4edB69A4731","0x7F07D726D74C7C53aEAAB5C6F6b60e85E2BD0EC7","552","0.000552","13563409839114622336","13.5634","0","0","25976748496393664","0.025977"
"0xE2b43D788C0df0E4655Aa6c6EfC2738bd10a79dA","TAROT","MARE","false","0xa9e2437748667c692cec480B08FB3B1969FfB3e0","0x16e3110cA3408E97faBeD3e0dE9e2CcCf2db1c79","0xb4Fbaa8075897e7184E5a314A7546f912969E9cF","394080609500603","0.000394","2645412926787040121","2.6454","0","0","0","0"
"0x42ae3321f4f9Ca2d91E589046354647665366BB2","TV","axlLqdr","false","0xfD79512230c1381ef5a42CD6E63CdC0208155db3","0x30ef5C6D2f04864B1973aA8d622efc7fF5b1144D","0x96D784ae033912219a3177e5046f98B570aDb960","24194970640935623398560146","24.19M","0","0","0","0","0","0"
"0xd792E553965f56AC0ba09419708900452E3044f6","axlLqdr","QI","false","0xE047803aD3D67b76CDbcC890da175F3eB4892481","0x6790A6e0e43A79Dd84ba5c074b7818d5Dde8Ccfd","0x3995d8998204331608C83a13b1aafAbd7cD959e5","1108772008290812","0.001109","22721447613355380","0.022721","0","0","0","0"
"0xf6Bb9d721bf2D0270ee5195F808F3570461cE2cC","CHAM","axlLqdr","false","0xfa3EBB0f1BAFbc715236826571A614d5c8Fa697F","0x187d61baF40eD24366914bb670a59c211A3F7C07","0x7A496575e19524DB37d913892C85D4cB9EBc3326","1160314000629339","0.001160","4120195158276","4.12e-6","0","0","0","0"
"0x389B8b515753777A611454e1cFeD68a420A680F3","axlLqdr","MARE","false","0x49f93fE4c42eec6eB3b5fb4c13c324E2C889ff7d","0x6119cfd2e5C10B022a53eA958d188899993f8193","0x2775736d476680a304D42f575a5CE236BF5Df082","0","0","8796576877329418","0.008797","0","0","0","0"
"0x1CC94d2f724414c89916ffA14DaD938a4749462f","axlLqdr","LION","false","0xefB1F428eE6E9EB1fc78110Be8B91Ebf725512a3","0x26e88695cEd21688BdB74DEC7996eD29776030D5","0xDf269EDDbAa8eba3de2a05b60BB255ebdEc611Ef","88946340796528","8.89e-5","214703057696206","0.000215","0","0","0","0"
"0x94c3f3dCCe85b169371DEf8047E98C2B1E9C7A2d","axlLqdr","USDC","false","0xccD6b45021bCBDCDA2a2baF48A94b5831Ba38065","0x00A3b763b52105A68816C807FD7D037D22A4Cb2F","0x1a8eC42e68aA43A0b9790EF65E6158ABdB73c74b","370307767002137","0.000370","3229","0.003229","0","0","0","0"
"0x358C8aE2B9D956ab01e9b61bA82455117E176445","axlLqdr","ACS","false","0xd39CF619F92af581Fa2fE7C369531CeCba779A2a","0x7059Da93c95A53797dF7722bdd5C3aE44F91753B","0x1c4d131723B86Ef6deF6F1eF540F5ce65124041E","87052304688804","8.71e-5","17417753242220","1.74e-5","0","0","0","0"
"0xE8ae51838Cb95485fA5688d771aC2C81EE6c0c30","TAROT","BIFI","false","0x740A3f67Ff40D9E8B95B992B2a0c42d63177bd6B","0x5B82e477E003DA8a7D3f465DFfeb05B3757af5A5","0x87889F360d5817953381F681Fd2C178F83599551","1684221771696632","0.001684","1997737673916621","0.001998","0","0","0","0"
"0xE063aD8ce1Aea8fAa68C90bb2a143590735C363b","axlUSDT","BIFI","false","0x0000000000000000000000000000000000000000","0x0000000000000000000000000000000000000000","0x6dc314738078862c05b48a9C4BDD39b5462e738c","6475","0.006475","52094224891859219","0.052094","0","0","0","0"
"0x3BdB378a12171C58346f73B8ddf5F9AAe4b1bC59","axlLqdr","WKAVA","false","0xC9A56efCFA86ab27C0eC0666bCd920073356C79a","0xf496600342916F8D9F93348218D331F7cbb97486","0xd00DE2623DaB851f6ABA63aef06e1E63ceFff30d","1438197385144466","0.001438","6129412008710817","0.006129","0","0","0","0"
"0x10322157c25f441A0270Fd051858a9a2057F6350","BIFI","axlUSDC","false","0xee5E0176254383104e0514004C3852c195d20F37","0x1B8a1895025dE66292F3723294Fffc38f01472fd","0x9F9B95A2C51F1a801D5A7A745Ec01A447335186D","64379847773925635","0.064380","9146","0.009146","0","0","0","0"
"0x536EB6B872E2EC92C64fC433aeae51954710B752","axlLqdr","MAI","false","0xAC31A60f395ce7e5A08a839DAAd5B0a40C92d0a7","0xfD1F0190dBbDd8F240BAf6A9d04D770591c9bC81","0x63EA53CAf92601989aD527a64E7fc780EF63caB4","16683847051152","1.67e-5","55743138107802","5.57e-5","0","0","0","0"
"0x6d5f23f04160F6a24143755cefD5C2995781884F","WKAVA","CRS","false","0x0000000000000000000000000000000000000000","0x0000000000000000000000000000000000000000","0x3E42A33db2d0579eC3AF60af7cd341481dA7F62c","0","0","0","0","0","0","0","0"
"0x638AA9e10Ef42F240CaB847F0C2f9906600756d0","CHAM","fBOMB","false","0xAE9b74d7A5bbAF23eCF346634077CdbE8762Fc6e","0x54B932635237F55A6E5A13697ce5091c70684eC5","0xC1314e532C243171373f7e3146D5712A42AbDC78","0","0","0","0","0","0","0","0"
"0x977A7906F925093C8397a5D14Ef0531C51E9b270","VARA","PINKAV","false","0xa08B7988F6ae64F0a4c671663e42abd395386fE2","0x1b769A99d28bAdF3cC086B00F879649986708833","0xBE28B33E4Cfc2151c6105fE26Ed5e079DC52DaBa","2772393553813765","0.002772","0","0","0","0","0","0"
"0x70B56fC8a315c15537fC25DBDF021A2c408E1A81","ARKKs","USDt","false","0x0000000000000000000000000000000000000000","0x0000000000000000000000000000000000000000","0x137B55cfb91b43d09eF365829AEf21fc55601e41","0","0","0","0","0","0","0","0"
"0x441B31B520B1b040D7A490FC3B37B686fe6bdc9A","VARA","cpVARA","true","0x83cF3dcadEC6429957e850A290D7442C0aa33dD4","0x0BA56d562a4fC3688C0c9c41b398217dbA64cD2A","0x58bc18DE0418c90695A49F2CbF6005f30C87F4E6","772591401626986834","0.772591","576970825755082699","0.576971","0","0","0","0"
"0x7e4683B44178B25EE43e5db8CC98d276d859f1f4","DAI","USDT","true","0x4d7486AE0fCdA29d4F874c0110B7AaF5105f9BDa","0x29fbC0Bbe2f112547c601e43Db8ACbd5ADb1c757","0x846fEE0e952fdfbd3F770b683eA52F5bD440164e","2269602478181201","0.002270","2190","0.002190","0","0","0","0"
"0xb89a0B95964139094b52D0B576ab40D714817986","WKAVA","vAMM-BIFI/WKAVA","false","0x0000000000000000000000000000000000000000","0x0000000000000000000000000000000000000000","0xa6ae5D7168F5Fe46A98032e91E018345F864A6Bf","0","0","0","0","0","0","0","0"
"0x0BeDA5CDa2a9F0f39e723A78cb74918cc71D8D23","ACS","vAMM-BIFI/WKAVA","false","0x0000000000000000000000000000000000000000","0x0000000000000000000000000000000000000000","0xa746a2c9CaB7C6AeAadCd892f1591B81B2d98b26","0","0","0","0","0","0","0","0"
"0xaeF72CE7E56af43635376ee7CFF68fAE234Ab090","acsWKAVA","WKAVA","false","0x0000000000000000000000000000000000000000","0x0000000000000000000000000000000000000000","0xcfeB086dF59C0Fb03A725be0807F593078600D84","0","0","0","0","0","0","0","0"
"0x7bE70B955A13315DB92eC2aaa03A7963e82C42B8","BTFR","WKAVA","false","0x0000000000000000000000000000000000000000","0x0000000000000000000000000000000000000000","0x7801A3B8308a85300476AF8C8f16fAD754C52C1C","720959167883104797","0.720959","542366211759716","0.000542","0","0","0","0"